id_zona,nama_kelurahan,koordinat_latitude,koordinat_longitude,nomor_zona,luas_zona_m2,nilai_tanah_per_m2,jenis_penggunaan_lahan,jarak_pusat_kota_km,elevasi_mdpl,kemiringan_lereng_persen,kepadatan_penduduk_km2,jarak_jalan_utama_m,jarak_sekolah_m,jarak_puskesmas_m,jarak_pasar_m,status_listrik,status_air_bersih,aksesibilitas_skor,tahun_data
Z001,Alue Dua Muka O,4.973455,97.749566,113,850,285000,Pertanian,3.2,45,8.5,480,350,1200,1450,2100,0,0,4.8,2023
Z002,Alue Dua Muka O,4.973455,97.749566,114,1200,260000,Pertanian,3.6,50,9.2,420,420,1380,1620,2350,0,0,4.2,2024
Z003,Alue Dua Muka O,4.973455,97.749566,115,980,275000,Pemukiman,3.0,42,7.8,520,320,1050,1250,1950,0,0,5.1,2025
Z004,Alue Dua Muka O,4.979455,97.749566,240,520,395000,Pemukiman,1.9,30,4.5,820,130,490,590,1020,1,0,7.1,2023
Z005,Alue Dua Muka O,4.979455,97.749566,241,620,380000,Pemukiman,2.2,34,5.1,760,160,550,660,1150,1,0,6.8,2024
Z006,Alue Dua Muka O,4.979455,97.749566,242,2180,125000,Pertanian,7.5,79,17.8,150,1180,3150,3780,6050,0,0,1.5,2025
Z007,Alue Dua Muka O,4.976455,97.753566,369,3380,93000,Pertanian,11.9,126,28.6,70,1980,5280,6020,9450,0,0,0.1,2023
Z008,Alue Dua Muka O,4.976455,97.753566,370,920,385000,Pemukiman,2.1,31,4.8,880,130,470,570,1020,1,1,6.9,2024
Z009,Alue Dua Muka O,4.976455,97.753566,371,850,400000,Pemukiman,1.8,27,4.3,950,110,410,510,880,1,1,7.2,2025
Z010,Alue Dua Muka S,4.972852,97.746353,116,750,220000,Pertanian,4.5,55,10.8,350,580,1650,1950,3200,0,0,3.5,2023
Z011,Alue Dua Muka S,4.972852,97.746353,117,950,195000,Pertanian,5.1,62,12.1,280,680,1920,2250,3650,0,0,2.9,2024
Z012,Alue Dua Muka S,4.972852,97.746353,118,1180,185000,Pertanian,5.8,68,13.5,240,780,2150,2580,4100,0,0,2.4,2025
Z013,Alue Dua Muka S,4.978852,97.746353,243,2020,138000,Pertanian,7.1,75,16.5,170,1120,2950,3550,5750,0,0,1.8,2023
Z014,Alue Dua Muka S,4.978852,97.746353,244,1280,175000,Pemukiman,6.7,72,14.8,220,920,2580,3120,4950,0,0,2.1,2024
Z015,Alue Dua Muka S,4.978852,97.746353,245,1150,188000,Pemukiman,7.0,76,15.5,200,980,2750,3320,5250,0,0,1.8,2025
Z016,Alue Dua Muka S,4.975852,97.750353,372,780,425000,Komersial,1.4,25,3.7,1220,85,250,300,620,1,1,7.4,2023
Z017,Alue Dua Muka S,4.975852,97.750353,373,720,445000,Komersial,1.5,27,4.0,1180,90,270,320,680,1,1,7.2,2024
Z018,Alue Dua Muka S,4.975852,97.750353,374,1620,240000,Pemukiman,3.5,49,7.9,580,350,920,1120,1850,0,0,5.2,2025
Z019,Bantayan Timur,4.936803,97.75776,119,620,365000,Pemukiman,1.8,30,4.8,890,150,520,620,980,1,0,7.0,2023
Z020,Bantayan Timur,4.936803,97.75776,120,480,385000,Pemukiman,1.5,26,4.2,980,120,450,550,850,1,1,7.3,2024
Z021,Bantayan Timur,4.936803,97.75776,121,1450,175000,Pertanian,6.2,72,14.8,200,920,2650,3100,4850,0,0,2.1,2025
Z022,Bantayan Timur,4.942803,97.75776,246,920,285000,Pemukiman,3.0,40,6.5,620,250,720,860,1480,1,0,5.3,2023
Z023,Bantayan Timur,4.942803,97.75776,247,820,300000,Pemukiman,3.3,44,7.1,580,290,820,980,1650,0,0,5.0,2024
Z024,Bantayan Timur,4.942803,97.75776,248,1180,235000,Pemukiman,4.8,60,10.1,320,580,1480,1780,2880,0,0,3.4,2025
Z025,Bantayan Timur,4.939803,97.76176,375,1520,260000,Pemukiman,3.8,53,8.6,540,390,1020,1250,2050,0,0,4.9,2023
Z026,Bantayan Timur,4.939803,97.76176,376,1180,365000,Pemukiman,0.9,22,3.3,1250,75,260,320,580,1,1,8.0,2024
Z027,Bantayan Timur,4.939803,97.76176,377,1080,385000,Pemukiman,1.2,25,3.7,1180,85,290,350,650,1,1,7.7,2025
Z028,Blang Geulumpang,4.952553,97.779802,104,650,425000,Pemukiman,0.7,22,3.2,1280,60,280,320,600,1,1,8.5,2023
Z029,Blang Geulumpang,4.952553,97.779802,105,780,380000,Pemukiman,1.0,25,3.8,1150,85,350,400,750,1,1,8.1,2024
Z030,Blang Geulumpang,4.952553,97.779802,106,920,320000,Pemukiman,1.5,28,4.5,980,120,480,550,950,1,0,7.5,2025
Z031,Blang Geulumpang,4.958553,97.779802,231,1180,260000,Pertanian,4.2,55,9.4,380,490,1380,1680,2720,0,0,3.8,2023
Z032,Blang Geulumpang,4.958553,97.779802,232,1650,185000,Pertanian,6.2,69,13.8,240,890,2550,3050,4750,0,0,2.6,2024
Z033,Blang Geulumpang,4.958553,97.779802,233,1520,200000,Pertanian,6.6,73,14.5,220,950,2750,3280,5050,0,0,2.3,2025
Z034,Blang Geulumpang,4.955553,97.783802,360,1480,200000,Pertanian,6.8,82,14.9,180,1020,2780,3380,5150,0,0,1.8,2023
Z035,Blang Geulumpang,4.955553,97.783802,361,1820,128000,Pemukiman,8.1,84,19.2,150,1320,3620,4280,6520,0,0,1.2,2024
Z036,Blang Geulumpang,4.955553,97.783802,362,1950,122000,Pertanian,8.7,92,20.8,130,1480,4050,4780,7150,0,0,1.0,2025
Z037,Buket Jok,4.954622,97.727797,122,1280,185000,Pertanian,5.8,68,13.9,230,850,2420,2850,4500,0,0,2.4,2023
Z038,Buket Jok,4.954622,97.727797,123,1650,165000,Pertanian,6.8,78,16.2,180,1050,2980,3450,5300,0,0,1.8,2024
Z039,Buket Jok,4.954622,97.727797,124,580,345000,Pemukiman,2.1,34,5.2,780,180,580,690,1150,1,0,6.5,2025
Z040,Buket Jok,4.960622,97.727797,249,1050,250000,Pemukiman,5.1,64,10.8,290,630,1620,1950,3150,0,0,3.1,2023
Z041,Buket Jok,4.960622,97.727797,250,1350,165000,Pemukiman,7.2,78,17.1,180,1120,3050,3620,5550,0,0,1.9,2024
Z042,Buket Jok,4.960622,97.727797,251,1550,152000,Pertanian,7.8,86,18.4,160,1280,3520,4150,6250,0,0,1.6,2025
Z043,Buket Jok,4.957622,97.731797,378,1780,175000,Pertanian,6.0,75,13.9,220,880,2350,2880,4450,0,0,2.0,2023
Z044,Buket Jok,4.957622,97.731797,379,1680,192000,Pertanian,6.3,79,14.6,200,950,2580,3150,4750,0,0,1.7,2024
Z045,Buket Jok,4.957622,97.731797,380,2180,138000,Pertanian,8.9,93,19.5,130,1420,3850,4650,7050,0,0,0.9,2025
Z046,Buket Juara,4.952677,97.754384,125,720,325000,Pemukiman,2.4,38,5.9,720,220,650,780,1350,1,0,6.1,2023
Z047,Buket Juara,4.952677,97.754384,126,1820,145000,Pertanian,7.8,85,18.5,150,1180,3350,3950,6200,0,0,1.5,2024
Z048,Buket Juara,4.952677,97.754384,127,1650,155000,Pertanian,7.2,80,17.2,170,1080,3120,3680,5850,0,0,1.7,2025
Z049,Buket Juara,4.958677,97.754384,252,1720,140000,Pertanian,8.4,90,19.6,145,1420,3850,4550,6850,0,0,1.3,2023
Z050,Buket Juara,4.958677,97.754384,253,780,345000,Pemukiman,2.5,35,5.5,720,180,590,710,1220,1,0,6.6,2024
Z051,Buket Juara,4.958677,97.754384,254,680,365000,Pemukiman,2.2,31,4.9,790,150,530,640,1080,1,0,6.9,2025
Z052,Buket Juara,4.955677,97.758384,381,2050,152000,Pertanian,9.2,97,20.2,120,1480,4050,4850,7350,0,0,0.7,2023
Z053,Buket Juara,4.955677,97.758384,382,2250,112000,Pertanian,3.3,42,8.7,380,450,1320,1620,2650,0,0,4.7,2024
Z054,Buket Juara,4.955677,97.758384,383,2120,128000,Pertanian,2.9,38,8.0,420,400,1180,1450,2380,0,0,5.1,2025
Z055,Buket Langa,4.95903,97.74058,128,1980,135000,Pertanian,8.5,92,19.8,130,1320,3620,4280,6650,0,0,1.2,2023
Z056,Buket Langa,4.95903,97.74058,129,650,355000,Pemukiman,2.5,36,5.6,650,200,620,750,1250,1,0,6.3,2024
Z057,Buket Langa,4.95903,97.74058,130,520,375000,Pemukiman,2.2,32,5.1,720,170,560,680,1120,1,0,6.6,2025
Z058,Buket Langa,4.96503,97.74058,255,2780,112000,Pertanian,10.6,113,25.4,95,1720,4480,5280,8250,0,0,0.5,2023
Z059,Buket Langa,4.96503,97.74058,256,1520,155000,Pertanian,7.7,71,15.4,220,920,2650,3180,4780,0,0,2.5,2024
Z060,Buket Langa,4.96503,97.74058,257,3050,95000,Pertanian,11.4,121,27.1,80,1880,4980,5720,8950,0,0,0.3,2025
Z061,Buket Langa,4.96203,97.74458,384,1250,295000,Pemukiman,1.5,25,3.8,1020,95,420,520,920,1,0,7.6,2023
Z062,Buket Langa,4.96203,97.74458,385,1180,310000,Pemukiman,1.2,21,3.3,1120,80,360,440,820,1,0,7.9,2024
Z063,Buket Langa,4.96203,97.74458,386,2720,105000,Pertanian,4.1,48,9.8,300,620,1780,2180,3550,0,0,3.6,2025
Z064,Buket Meulinteung,4.964052,97.730316,131,2150,125000,Pertanian,9.2,98,21.5,120,1450,3850,4550,7200,0,0,1.0,2023
Z065,Buket Meulinteung,4.964052,97.730316,132,1950,130000,Pertanian,8.8,95,20.2,135,1380,3680,4350,6950,0,0,1.1,2024
Z066,Buket Meulinteung,4.964052,97.730316,133,1780,138000,Pemukiman,8.1,88,18.8,165,1250,3420,4050,6500,0,0,1.4,2025
Z067,Buket Meulinteung,4.970052,97.730316,258,2920,102000,Pertanian,11.0,117,26.5,85,1850,4880,5620,8750,0,0,0.4,2023
Z068,Buket Meulinteung,4.970052,97.730316,259,580,425000,Pemukiman,2.1,32,4.9,820,140,470,570,980,1,1,6.9,2024
Z069,Buket Meulinteung,4.970052,97.730316,260,650,410000,Pemukiman,2.4,36,5.4,760,170,530,640,1120,1,1,6.6,2025
Z070,Buket Meulinteung,4.967052,97.734316,387,2580,118000,Pertanian,3.7,44,9.1,330,560,1620,1980,3250,0,0,3.9,2023
Z071,Buket Meulinteung,4.967052,97.734316,388,920,325000,Pemukiman,0.9,18,3.0,1080,65,300,370,650,1,0,8.2,2024
Z072,Buket Meulinteung,4.967052,97.734316,389,850,345000,Pemukiman,0.6,15,2.5,1180,50,250,310,550,1,0,8.5,2025
Z073,Buket Pala,4.950684,97.758295,134,820,195000,Pemukiman,5.2,58,11.5,320,620,1780,2150,3450,0,0,3.2,2023
Z074,Buket Pala,4.950684,97.758295,135,680,205000,Pemukiman,4.8,54,10.8,350,580,1650,2000,3250,0,0,3.5,2024
Z075,Buket Pala,4.950684,97.758295,136,750,295000,Pemukiman,3.1,42,6.8,580,280,820,980,1650,0,0,5.2,2025
Z076,Buket Pala,4.956684,97.758295,261,520,465000,Komersial,0.8,19,2.8,1420,55,180,230,480,1,1,8.3,2023
Z077,Buket Pala,4.956684,97.758295,262,480,480000,Komersial,0.9,22,3.1,1350,60,200,250,520,1,1,8.1,2024
Z078,Buket Pala,4.956684,97.758295,263,1280,275000,Pemukiman,2.3,37,5.8,820,200,650,780,1350,1,0,6.5,2025
Z079,Buket Pala,4.953684,97.762295,390,2820,98000,Pertanian,4.7,51,10.5,280,680,1950,2420,3950,0,0,3.5,2023
Z080,Buket Pala,4.953684,97.762295,391,2680,108000,Pertanian,4.3,47,9.8,310,620,1780,2220,3650,0,0,3.8,2024
Z081,Buket Pala,4.953684,97.762295,392,1880,128000,Pemukiman,9.1,96,20.9,120,1450,4050,4950,7450,0,0,0.6,2025
Z082,Dama Pulo,4.94388,97.75347,137,620,315000,Pemukiman,2.8,38,6.2,650,250,750,890,1480,1,0,5.5,2023
Z083,Dama Pulo,4.94388,97.75347,138,880,265000,Pemukiman,3.8,48,7.8,450,380,1050,1250,2050,0,0,4.5,2024
Z084,Dama Pulo,4.94388,97.75347,139,720,280000,Pemukiman,3.5,45,7.2,480,350,980,1180,1920,0,0,4.8,2025
Z085,Dama Pulo,4.94988,97.75347,264,1150,295000,Pemukiman,2.0,33,5.2,920,170,590,690,1180,1,0,6.9,2023
Z086,Dama Pulo,4.94988,97.75347,265,920,395000,Pemukiman,0.9,22,3.4,1220,80,290,350,620,1,1,8.0,2024
Z087,Dama Pulo,4.94988,97.75347,266,820,415000,Pemukiman,0.6,19,2.9,1320,65,240,300,550,1,1,8.4,2025
Z088,Dama Pulo,4.94688,97.75747,393,1780,142000,Pemukiman,9.4,100,21.6,110,1520,4250,5150,7750,0,0,0.4,2023
Z089,Dama Pulo,4.94688,97.75747,394,1450,225000,Pemukiman,5.2,64,11.1,360,580,1650,2020,3250,0,0,3.0,2024
Z090,Dama Pulo,4.94688,97.75747,395,1350,240000,Pemukiman,5.5,68,11.8,330,630,1820,2220,3550,0,0,2.7,2025
Z091,Gampong Aceh,4.94602,97.76716,140,950,185000,Pemukiman,6.5,75,15.2,220,1020,2850,3350,5150,0,0,2.2,2023
Z092,Gampong Aceh,4.94602,97.76716,141,1150,165000,Pertanian,7.1,82,16.8,190,1150,3180,3750,5650,0,0,1.9,2024
Z093,Gampong Aceh,4.94602,97.76716,142,1320,155000,Pertanian,7.6,85,17.5,175,1220,3420,4050,6050,0,0,1.6,2025
Z094,Gampong Aceh,4.95202,97.76716,267,1420,225000,Pertanian,4.4,57,9.8,360,520,1420,1720,2780,0,0,3.7,2023
Z095,Gampong Aceh,4.95202,97.76716,268,1280,245000,Pertanian,4.7,61,10.5,330,570,1580,1920,3050,0,0,3.4,2024
Z096,Gampong Aceh,4.95202,97.76716,269,1780,175000,Pertanian,6.9,75,15.2,210,1020,2950,3550,5450,0,0,2.2,2025
Z097,Gampong Aceh,4.94902,97.77116,396,1720,168000,Pertanian,7.1,84,15.6,170,1080,2950,3620,5450,0,0,1.5,2023
Z098,Gampong Aceh,4.94902,97.77116,397,1650,182000,Pertanian,7.4,88,16.3,160,1150,3150,3850,5750,0,0,1.3,2024
Z099,Gampong Aceh,4.94902,97.77116,398,1950,115000,Pemukiman,8.4,86,20.1,140,1380,3750,4450,6750,0,0,1.1,2025
Z100,Gampong Jalan,4.95979,97.75944,143,580,335000,Pemukiman,2.8,40,6.1,680,230,680,820,1380,1,0,6.0,2023
Z101,Gampong Jalan,4.95979,97.75944,144,450,355000,Pemukiman,2.5,36,5.6,750,200,620,750,1250,1,0,6.3,2024
Z102,Gampong Jalan,4.95979,97.75944,145,2350,115000,Pertanian,9.8,105,23.2,110,1580,4150,4850,7650,0,0,0.8,2025
Z103,Gampong Jalan,4.96579,97.75944,270,1650,190000,Pertanian,7.3,79,16.0,190,1080,3150,3780,5750,0,0,1.9,2023
Z104,Gampong Jalan,4.96579,97.75944,271,1850,148000,Pertanian,5.4,63,12.9,250,780,2250,2680,4250,0,0,2.9,2024
Z105,Gampong Jalan,4.96579,97.75944,272,1720,162000,Pertanian,5.0,59,12.2,280,720,2080,2480,3950,0,0,3.2,2025
Z106,Gampong Jalan,4.96279,97.76344,399,2120,108000,Pertanian,9.0,94,21.5,125,1520,4150,4920,7350,0,0,0.9,2023
Z107,Gampong Jalan,4.96279,97.76344,400,2380,102000,Pertanian,9.6,98,23.1,110,1650,4750,5380,7950,0,0,0.6,2024
Z108,Gampong Jalan,4.96279,97.76344,401,1150,305000,Pemukiman,1.6,26,4.0,920,100,440,540,950,1,0,7.5,2025
Z109,Gureb Blang,4.94953,97.74776,146,1080,175000,Pertanian,6.8,65,13.8,250,820,2350,2750,4200,0,0,2.8,2023
Z110,Gureb Blang,4.94953,97.74776,147,2580,105000,Pertanian,10.5,112,25.1,95,1720,4550,5250,8200,0,0,0.6,2024
Z111,Gureb Blang,4.94953,97.74776,148,2420,110000,Pertanian,10.1,108,24.5,100,1680,4380,5050,7950,0,0,0.7,2025
Z112,Gureb Blang,4.95553,97.74776,273,850,330000,Pemukiman,2.5,38,5.8,720,200,650,780,1320,1,0,6.4,2023
Z113,Gureb Blang,4.95553,97.74776,274,750,345000,Pemukiman,2.2,34,5.2,790,170,590,710,1200,1,0,6.7,2024
Z114,Gureb Blang,4.95553,97.74776,275,2180,135000,Pertanian,6.2,69,15.1,195,980,2780,3350,5350,0,0,2.0,2025
Z115,Gureb Blang,4.95253,97.75176,402,1080,320000,Pemukiman,1.3,22,3.5,1020,85,380,470,820,1,0,7.8,2023
Z116,Gureb Blang,4.95253,97.75176,403,3550,95000,Pertanian,11.8,125,28.2,75,1950,4980,5880,9050,0,0,0.1,2024
Z117,Gureb Blang,4.95253,97.75176,404,2120,128000,Pertanian,8.9,79,18.1,180,1180,3050,3620,5550,0,0,2.1,2025
Z118,Kampung Blang,4.94508,97.77047,149,420,395000,Pemukiman,1.8,28,4.1,850,140,480,580,950,1,1,7.2,2023
Z119,Kampung Blang,4.94508,97.77047,150,350,415000,Pemukiman,1.5,24,3.6,920,120,420,530,850,1,1,7.5,2024
Z120,Kampung Blang,4.94508,97.77047,151,480,470000,Komersial,0.4,16,2.3,1520,35,140,190,380,1,1,9.1,2025
Z121,Kampung Blang,4.95108,97.77047,276,2050,145000,Pertanian,5.8,65,14.4,215,920,2580,3120,5050,0,0,2.3,2023
Z122,Kampung Blang,4.95108,97.77047,277,650,375000,Pemukiman,1.8,29,4.3,850,120,470,570,980,1,0,7.3,2024
Z123,Kampung Blang,4.95108,97.77047,278,720,360000,Pemukiman,2.1,33,4.9,780,150,530,640,1120,1,0,7.0,2025
Z124,Kampung Blang,4.94808,97.77447,405,3750,83000,Pertanian,12.6,133,30.1,60,2080,5680,6420,10050,0,0,0.0,2023
Z125,Kampung Blang,4.94808,97.77447,406,3620,90000,Pertanian,12.2,129,29.3,65,2020,5480,6220,9750,0,0,0.0,2024
Z126,Kampung Blang,4.94808,97.77447,407,1050,375000,Pemukiman,1.9,29,4.4,920,120,450,550,980,1,1,7.1,2025
Z127,Kampung Jalan,4.95962,97.75781,152,520,455000,Pemukiman,0.6,19,2.7,1380,50,180,230,480,1,1,8.7,2023
Z128,Kampung Jalan,4.95962,97.75781,153,850,305000,Pemukiman,1.7,31,4.9,920,140,520,600,1050,1,0,7.3,2024
Z129,Kampung Jalan,4.95962,97.75781,154,720,325000,Pemukiman,1.4,27,4.3,1020,110,460,540,920,1,0,7.6,2025
Z130,Kampung Jalan,4.96562,97.75781,279,2320,120000,Pertanian,6.8,72,15.8,165,1080,2850,3450,5550,0,0,1.7,2023
Z131,Kampung Jalan,4.96562,97.75781,280,2150,130000,Pertanian,6.4,68,14.9,185,1020,2650,3220,5250,0,0,2.0,2024
Z132,Kampung Jalan,4.96562,97.75781,281,1420,168000,Pemukiman,7.3,78,16.2,190,1050,2850,3450,5450,0,0,1.7,2025
Z133,Kampung Jalan,4.96262,97.76181,408,980,390000,Pemukiman,1.6,25,3.9,1020,100,390,480,850,1,1,7.4,2023
Z134,Kampung Jalan,4.96262,97.76181,409,850,415000,Komersial,1.6,26,4.0,1180,95,280,330,720,1,1,7.1,2024
Z135,Kampung Jalan,4.96262,97.76181,410,920,400000,Pemukiman,1.7,28,4.3,1120,105,310,370,780,1,1,6.9,2025
Z136,Kampung Jawa,4.947312,97.77408,107,1100,285000,Pertanian,2.0,32,5.8,720,180,680,750,1200,1,0,6.8,2023
Z137,Kampung Jawa,4.947312,97.77408,108,1350,265000,Pertanian,2.3,36,6.5,650,220,780,850,1400,0,0,6.2,2024
Z138,Kampung Jawa,4.947312,97.77408,109,1580,245000,Pertanian,2.8,40,7.2,580,280,920,1050,1650,0,0,5.8,2025
Z139,Kampung Jawa,4.953312,97.77408,234,1720,155000,Pertanian,6.1,70,14.5,210,920,2580,3050,4780,0,0,2.4,2023
Z140,Kampung Jawa,4.953312,97.77408,235,1580,168000,Pertanian,5.7,66,13.8,230,850,2380,2820,4480,0,0,2.7,2024
Z141,Kampung Jawa,4.953312,97.77408,236,680,355000,Pemukiman,2.1,32,5.0,800,150,560,670,1150,1,0,6.8,2025
Z142,Kampung Jawa,4.950312,97.77808,363,2150,115000,Pertanian,9.3,96,22.4,115,1580,4350,5150,7650,0,0,0.8,2023
Z143,Kampung Jawa,4.950312,97.77808,364,1020,315000,Pemukiman,2.1,31,4.8,820,140,520,630,1120,1,0,6.9,2024
Z144,Kampung Jawa,4.950312,97.77808,365,920,330000,Pemukiman,1.8,27,4.3,890,120,460,560,980,1,0,7.2,2025
Z145,Kampung Tanjong,4.94743,97.77991,155,620,440000,Pemukiman,1.0,23,3.5,1220,80,290,350,650,1,1,8.0,2023
Z146,Kampung Tanjong,4.94743,97.77991,156,750,415000,Pemukiman,1.3,27,4.0,1080,110,380,450,780,1,1,7.6,2024
Z147,Kampung Tanjong,4.94743,97.77991,157,1050,270000,Pertanian,3.5,47,8.1,450,380,1120,1350,2200,0,0,4.6,2025
Z148,Kampung Tanjong,4.95343,97.77991,282,1320,182000,Pemukiman,7.6,82,16.9,170,1120,3050,3680,5750,0,0,1.5,2023
Z149,Kampung Tanjong,4.95343,97.77991,283,1050,270000,Pemukiman,3.5,46,7.6,550,320,880,1050,1780,0,0,4.8,2024
Z150,Kampung Tanjong,4.95343,97.77991,284,950,285000,Pemukiman,3.8,50,8.2,510,360,980,1180,1980,0,0,4.5,2025
Z151,Kampung Tanjong,4.95043,97.78391,411,1750,225000,Pemukiman,4.0,55,8.9,520,420,1050,1280,2120,0,0,4.8,2023
Z152,Kampung Tanjong,4.95043,97.78391,412,1680,245000,Pemukiman,4.3,59,9.6,480,470,1180,1420,2350,0,0,4.5,2024
Z153,Kampung Tanjong,4.95043,97.78391,413,1320,355000,Pemukiman,1.3,24,3.6,1180,90,320,390,720,1,1,7.6,2025
Z154,Ketapang Dua,4.91912,97.79712,158,920,285000,Pemukiman,3.1,43,7.5,520,330,980,1180,1920,0,0,5.0,2023
Z155,Ketapang Dua,4.91912,97.79712,159,1350,200000,Pertanian,4.8,57,11.2,320,620,1780,2150,3480,0,0,3.3,2024
Z156,Ketapang Dua,4.91912,97.79712,160,1150,210000,Pertanian,5.2,61,11.8,290,680,1950,2350,3750,0,0,3.0,2025
Z157,Ketapang Dua,4.92512,97.79712,285,1320,220000,Pertanian,5.4,66,11.4,270,680,1750,2120,3450,0,0,2.9,2023
Z158,Ketapang Dua,4.92512,97.79712,286,1180,235000,Pertanian,5.7,70,12.1,250,750,1950,2380,3850,0,0,2.6,2024
Z159,Ketapang Dua,4.92512,97.79712,287,1480,158000,Pemukiman,7.5,80,17.8,170,1180,3250,3850,5850,0,0,1.6,2025
Z160,Ketapang Dua,4.92212,97.80112,414,1250,375000,Pemukiman,1.6,27,4.1,1120,105,360,440,820,1,1,7.3,2023
Z161,Ketapang Dua,4.92212,97.80112,415,1950,158000,Pertanian,6.6,81,15.3,190,1020,2780,3420,5150,0,0,1.4,2024
Z162,Ketapang Dua,4.92212,97.80112,416,1850,175000,Pertanian,6.9,85,16.0,170,1080,2950,3650,5450,0,0,1.2,2025
Z163,Keude Aceh,4.94913,97.767995,161,1580,170000,Pertanian,6.5,74,15.5,190,980,2780,3250,5080,0,0,2.0,2023
Z164,Keude Aceh,4.94913,97.767995,162,1420,180000,Pertanian,6.0,70,14.8,210,920,2580,3020,4750,0,0,2.3,2024
Z165,Keude Aceh,4.94913,97.767995,163,650,335000,Pemukiman,2.3,35,5.4,750,190,610,730,1280,1,0,6.4,2025
Z166,Keude Aceh,4.95513,97.767995,288,1680,148000,Pertanian,8.1,88,19.2,150,1350,3680,4350,6550,0,0,1.4,2023
Z167,Keude Aceh,4.95513,97.767995,289,1850,132000,Pertanian,8.7,92,20.4,135,1480,4050,4780,7150,0,0,1.2,2024
Z168,Keude Aceh,4.95513,97.767995,290,850,335000,Pemukiman,2.4,34,5.3,750,170,560,680,1180,1,0,6.7,2025
Z169,Keude Aceh,4.95213,97.771995,417,2380,125000,Pertanian,9.5,99,21.3,110,1520,4150,5050,7550,0,0,0.5,2023
Z170,Keude Aceh,4.95213,97.771995,418,2250,138000,Pertanian,9.8,103,22.0,100,1580,4350,5250,7850,0,0,0.3,2024
Z171,Keude Aceh,4.95213,97.771995,419,2420,98000,Pertanian,2.6,35,7.3,450,350,1050,1280,2120,0,0,5.4,2025
Z172,Keude Blang,5.015745,97.642446,101,450,485000,Komersial,0.2,12,1.8,1580,25,120,200,350,1,1,9.5,2023
Z173,Keude Blang,5.015745,97.642446,102,380,520000,Komersial,0.3,15,2.1,1650,30,150,180,300,1,1,9.3,2024
Z174,Keude Blang,5.015745,97.642446,103,520,450000,Pemukiman,0.5,18,2.5,1420,45,200,250,450,1,1,8.8,2025
Z175,Keude Blang,5.021745,97.642446,228,850,405000,Pemukiman,1.1,24,3.6,1180,95,320,390,680,1,1,7.8,2023
Z176,Keude Blang,5.021745,97.642446,229,750,425000,Pemukiman,0.8,21,3.2,1280,75,270,340,580,1,1,8.2,2024
Z177,Keude Blang,5.021745,97.642446,230,1350,240000,Pertanian,3.9,51,8.7,410,440,1250,1520,2480,0,0,4.2,2025
Z178,Keude Blang,5.018745,97.646446,357,1320,240000,Pemukiman,4.6,58,9.9,420,460,1320,1620,2580,0,0,3.6,2023
Z179,Keude Blang,5.018745,97.646446,358,1220,255000,Pemukiman,4.9,62,10.6,390,520,1480,1780,2850,0,0,3.3,2024
Z180,Keude Blang,5.018745,97.646446,359,1580,185000,Pertanian,6.5,78,14.2,200,950,2580,3150,4850,0,0,2.1,2025
Z181,Keutapang Mameh,4.962023,97.771706,164,580,350000,Pemukiman,2.0,31,4.9,820,160,550,660,1150,1,0,6.7,2023
Z182,Keutapang Mameh,4.962023,97.771706,165,1950,140000,Pertanian,7.5,82,17.9,160,1150,3250,3850,6050,0,0,1.6,2024
Z183,Keutapang Mameh,4.962023,97.771706,166,1780,150000,Pertanian,7.0,78,16.8,180,1080,3050,3620,5750,0,0,1.8,2025
Z184,Keutapang Mameh,4.968023,97.771706,291,750,350000,Pemukiman,2.1,30,4.7,820,140,500,610,1050,1,0,7.0,2023
Z185,Keutapang Mameh,4.968023,97.771706,292,2920,108000,Pertanian,10.9,116,26.1,90,1780,4680,5480,8450,0,0,0.4,2024
Z186,Keutapang Mameh,4.968023,97.771706,293,1680,148000,Pertanian,8.0,73,16.0,210,980,2750,3320,4980,0,0,2.4,2025
Z187,Keutapang Mameh,4.965023,97.775706,420,2280,115000,Pertanian,2.2,31,6.6,520,300,920,1150,1920,1,0,5.8,2023
Z188,Keutapang Mameh,4.965023,97.775706,421,1420,285000,Pemukiman,1.1,20,3.2,1150,75,340,420,750,1,0,8.0,2024
Z189,Keutapang Mameh,4.965023,97.775706,422,1350,300000,Pemukiman,0.8,17,2.7,1250,60,280,350,650,1,0,8.3,2025
Z190,Lhok Asahan,4.91515,97.78819,170,1920,135000,Pertanian,8.5,89,19.5,145,1350,3550,4220,6750,0,0,1.3,2023
Z191,Lhok Asahan,4.91515,97.78819,171,950,188000,Pemukiman,5.5,60,12.1,300,650,1850,2250,3650,0,0,3.1,2024
Z192,Lhok Asahan,4.91515,97.78819,172,820,200000,Pemukiman,5.8,64,12.8,280,720,2020,2450,3950,0,0,2.9,2025
Z193,Lhok Asahan,4.92115,97.78819,297,680,420000,Pemukiman,2.0,30,4.6,850,130,450,550,950,1,1,7.1,2023
Z194,Lhok Asahan,4.92115,97.78819,298,580,475000,Komersial,1.0,23,3.3,1320,65,190,240,500,1,1,8.0,2024
Z195,Lhok Asahan,4.92115,97.78819,299,620,460000,Komersial,1.1,25,3.6,1280,70,210,260,550,1,1,7.8,2025
Z196,Lhok Asahan,4.91815,97.79219,426,1050,335000,Pemukiman,0.2,11,1.9,1350,30,180,240,420,1,0,8.9,2023
Z197,Lhok Asahan,4.91815,97.79219,427,3020,88000,Pertanian,4.0,44,8.8,340,520,1450,1820,2980,0,0,4.1,2024
Z198,Lhok Asahan,4.91815,97.79219,428,2880,98000,Pertanian,3.6,40,8.1,380,470,1320,1650,2720,0,0,4.4,2025
Z199,Matang Bungong,4.92457,97.80742,173,680,305000,Pemukiman,3.0,40,6.5,620,260,780,930,1580,1,0,5.3,2023
Z200,Matang Bungong,4.92457,97.80742,174,580,320000,Pemukiman,2.7,36,6.0,690,230,720,850,1420,1,0,5.6,2024
Z201,Matang Bungong,4.92457,97.80742,175,950,255000,Pemukiman,3.9,49,8.0,420,400,1080,1280,2120,0,0,4.4,2025
Z202,Matang Bungong,4.93057,97.80742,300,1350,265000,Pemukiman,2.5,39,6.2,780,220,680,820,1420,1,0,6.3,2023
Z203,Matang Bungong,4.93057,97.80742,301,1250,285000,Pemukiman,2.8,41,6.5,720,250,720,860,1520,1,0,6.0,2024
Z204,Matang Bungong,4.93057,97.80742,302,950,385000,Pemukiman,0.7,20,3.1,1250,75,260,320,580,1,1,8.3,2025
Z205,Matang Bungong,4.92757,97.81142,429,2050,115000,Pemukiman,9.7,102,22.7,105,1580,4350,5350,7950,0,0,0.2,2023
Z206,Matang Bungong,4.92757,97.81142,430,1920,128000,Pemukiman,10.0,106,23.4,95,1650,4550,5550,8250,0,0,0.1,2024
Z207,Matang Bungong,4.92757,97.81142,431,1620,210000,Pemukiman,5.8,70,12.4,310,680,1950,2420,3850,0,0,2.4,2025
Z208,Matang Rayeuk (PR),4.92919,97.79798,176,820,270000,Pemukiman,4.2,52,8.5,390,450,1220,1450,2380,0,0,4.1,2023
Z209,Matang Rayeuk (PR),4.92919,97.79798,177,1080,175000,Pemukiman,6.8,76,16.0,200,1050,2920,3450,5280,0,0,2.1,2024
Z210,Matang Rayeuk (PR),4.92919,97.79798,178,1280,160000,Pertanian,7.3,83,17.2,180,1180,3250,3820,5780,0,0,1.8,2025
Z211,Matang Rayeuk (PR),4.93519,97.79798,303,850,405000,Pemukiman,0.4,17,2.7,1380,55,220,280,520,1,1,8.7,2023
Z212,Matang Rayeuk (PR),4.93519,97.79798,304,1520,210000,Pertanian,4.9,63,11.2,310,620,1650,2020,3250,0,0,3.2,2024
Z213,Matang Rayeuk (PR),4.93519,97.79798,305,1380,230000,Pertanian,5.2,67,11.9,280,680,1820,2220,3550,0,0,2.9,2025
Z214,Matang Rayeuk (PR),4.93219,97.80198,432,1520,225000,Pemukiman,6.1,74,13.1,280,750,2150,2650,4150,0,0,2.1,2023
Z215,Matang Rayeuk (PR),4.93219,97.80198,433,1880,152000,Pertanian,7.7,90,17.1,150,1220,3350,4150,6250,0,0,1.0,2024
Z216,Matang Rayeuk (PR),4.93219,97.80198,434,1780,168000,Pertanian,8.0,94,17.8,140,1280,3550,4350,6550,0,0,0.8,2025
Z217,Matang Rayeuk (SMK),4.9185,97.81222,179,1450,148000,Pertanian,7.9,87,18.1,165,1280,3520,4180,6250,0,0,1.5,2023
Z218,Matang Rayeuk (SMK),4.9185,97.81222,180,650,345000,Pemukiman,2.7,38,5.9,720,210,650,780,1320,1,0,6.2,2024
Z219,Matang Rayeuk (SMK),4.9185,97.81222,181,520,365000,Pemukiman,2.4,34,5.4,790,180,590,710,1180,1,0,6.5,2025
Z220,Matang Rayeuk (SMK),4.9245,97.81222,306,1920,165000,Pertanian,7.6,81,16.7,180,1150,3250,3920,5950,0,0,1.6,2023
Z221,Matang Rayeuk (SMK),4.9245,97.81222,307,1850,178000,Pertanian,8.0,85,17.4,160,1220,3480,4180,6350,0,0,1.4,2024
Z222,Matang Rayeuk (SMK),4.9245,97.81222,308,1920,138000,Pertanian,4.7,56,11.5,270,680,1950,2350,3750,0,0,3.5,2025
Z223,Matang Rayeuk (SMK),4.9215,97.81622,435,2180,102000,Pemukiman,8.7,88,21.0,130,1420,3850,4650,7050,0,0,0.9,2023
Z224,Matang Rayeuk (SMK),4.9215,97.81622,436,2350,95000,Pertanian,9.3,96,22.2,115,1580,4350,5150,7650,0,0,0.7,2024
Z225,Matang Rayeuk (SMK),4.9215,97.81622,437,2620,89000,Pertanian,9.9,100,24.1,100,1720,4750,5680,8350,0,0,0.4,2025
Z226,Meunasah Jeumpa,4.91858,97.78055,182,2480,118000,Pertanian,10.1,108,24.2,105,1650,4280,5080,7850,0,0,0.7,2023
Z227,Meunasah Jeumpa,4.91858,97.78055,183,1220,168000,Pertanian,7.1,67,14.2,240,850,2450,2880,4380,0,0,2.7,2024
Z228,Meunasah Jeumpa,4.91858,97.78055,184,2720,102000,Pertanian,10.8,115,25.8,90,1780,4680,5420,8450,0,0,0.5,2025
Z229,Meunasah Jeumpa,4.92458,97.78055,309,1780,152000,Pertanian,4.3,52,10.8,300,620,1780,2150,3450,0,0,3.8,2023
Z230,Meunasah Jeumpa,4.92458,97.78055,310,920,320000,Pemukiman,2.1,33,5.1,820,140,520,630,1080,1,0,7.0,2024
Z231,Meunasah Jeumpa,4.92458,97.78055,311,850,335000,Pemukiman,1.8,29,4.6,890,120,480,580,980,1,0,7.3,2025
Z232,Meunasah Jeumpa,4.92158,97.78455,438,1280,295000,Pemukiman,1.4,23,3.6,1020,95,420,520,920,1,0,7.7,2023
Z233,Meunasah Jeumpa,4.92158,97.78455,439,1220,310000,Pemukiman,1.1,19,3.1,1120,80,360,450,820,1,0,8.0,2024
Z234,Meunasah Jeumpa,4.92158,97.78455,440,3780,92000,Pertanian,12.1,128,29.0,70,2020,5180,6080,9350,0,0,0.0,2025
Z235,Meunasah Puuk,4.93969,97.76313,185,2650,108000,Pertanian,10.4,111,25.2,95,1750,4580,5320,8250,0,0,0.6,2023
Z236,Meunasah Puuk,4.93969,97.76313,186,380,420000,Pemukiman,1.6,25,3.8,880,130,450,550,880,1,1,7.4,2024
Z237,Meunasah Puuk,4.93969,97.76313,187,420,405000,Pemukiman,1.9,29,4.4,820,150,510,620,1020,1,1,7.1,2025
Z238,Meunasah Puuk,4.94569,97.76313,312,2320,128000,Pertanian,5.5,62,13.6,220,850,2450,2980,4750,0,0,2.4,2023
Z239,Meunasah Puuk,4.94569,97.76313,313,2180,142000,Pertanian,5.1,58,12.9,240,780,2250,2750,4450,0,0,2.7,2024
Z240,Meunasah Puuk,4.94569,97.76313,314,780,350000,Pemukiman,1.7,28,4.2,880,110,450,550,950,1,0,7.4,2025
Z241,Meunasah Puuk,4.94269,97.76713,441,2280,118000,Pertanian,9.2,81,18.8,170,1250,3180,3750,5750,0,0,2.0,2023
Z242,Meunasah Puuk,4.94269,97.76713,442,3950,80000,Pertanian,12.9,136,30.8,55,2150,5880,6620,10350,0,0,0.0,2024
Z243,Meunasah Puuk,4.94269,97.76713,443,3820,87000,Pertanian,12.5,132,30.0,60,2080,5680,6420,10050,0,0,0.0,2025
Z244,Seuneubok Bacee,4.932716,97.781945,191,820,315000,Pemukiman,1.6,29,4.6,980,130,500,580,980,1,0,7.4,2023
Z245,Seuneubok Bacee,4.932716,97.781945,192,780,420000,Pemukiman,1.2,25,3.7,1150,100,350,420,720,1,1,7.7,2024
Z246,Seuneubok Bacee,4.932716,97.781945,193,680,435000,Pemukiman,0.9,22,3.3,1250,90,310,380,650,1,1,8.0,2025
Z247,Seuneubok Bacee,4.938716,97.781945,318,1580,155000,Pemukiman,7.9,84,17.6,160,1180,3150,3820,5950,0,0,1.4,2023
Z248,Seuneubok Bacee,4.938716,97.781945,319,1450,168000,Pemukiman,8.2,88,18.3,150,1250,3380,4080,6250,0,0,1.2,2024
Z249,Seuneubok Bacee,4.938716,97.781945,320,1180,255000,Pemukiman,4.0,52,8.5,480,380,1050,1280,2050,0,0,4.2,2025
Z250,Seuneubok Bacee,4.935716,97.785945,447,980,410000,Komersial,1.9,31,4.7,1080,115,350,420,880,1,1,6.6,2023
Z251,Seuneubok Bacee,4.935716,97.785945,448,1920,205000,Pemukiman,4.6,61,10.3,450,520,1220,1520,2520,0,0,4.2,2024
Z252,Seuneubok Bacee,4.935716,97.785945,449,1850,225000,Pemukiman,4.9,65,11.0,420,570,1350,1680,2780,0,0,3.9,2025
Z253,Seuneubok Rambong,4.93739,97.78733,200,720,340000,Pemukiman,2.2,33,5.1,780,170,580,700,1200,1,0,6.6,2023
Z254,Seuneubok Rambong,4.93739,97.78733,328,820,340000,Pemukiman,2.0,29,4.7,850,130,480,580,1020,1,0,7.1,2024
Z255,Seuneubok Rambong,4.93739,97.78733,329,3150,105000,Pertanian,11.2,119,26.8,85,1820,4780,5680,8650,0,0,0.3,2025
Z256,Seuneubok Rambong,4.94339,97.78733,327,920,325000,Pemukiman,2.3,33,5.2,780,160,540,650,1150,1,0,6.8,2023
Z257,Seuneubok Rambong,4.94339,97.78733,457,2520,102000,Pertanian,1.6,25,5.2,650,240,720,900,1520,1,0,6.6,2024
Z258,Seuneubok Rambong,4.94339,97.78733,458,1650,275000,Pemukiman,0.7,16,2.5,1280,55,260,330,580,1,0,8.4,2025
Z259,Seuneubok Rambong,4.94039,97.79133,456,2650,85000,Pertanian,2.0,29,5.9,580,280,820,1020,1720,1,0,6.2,2023
Z260,Seuneubok Rambong,4.94039,97.79133,583,2820,105000,Pertanian,3.0,37,7.4,410,430,1180,1450,2420,0,0,4.6,2024
Z261,Seuneubok Rambong,4.94039,97.79133,584,1120,315000,Pemukiman,0.5,14,2.3,1220,45,230,290,520,1,0,8.6,2025
Z262,Seuneubok Teungoh (PR),4.88543,97.80519,201,2120,138000,Pertanian,7.2,79,17.5,170,1120,3150,3750,5950,0,0,1.7,2023
Z263,Seuneubok Teungoh (PR),4.88543,97.80519,202,1850,148000,Pertanian,6.8,75,16.2,190,1050,2950,3520,5650,0,0,1.9,2024
Z264,Seuneubok Teungoh (PR),4.88543,97.80519,203,580,385000,Pemukiman,2.0,31,4.7,780,140,520,630,1050,1,0,6.9,2025
Z265,Seuneubok Teungoh (PR),4.89143,97.80519,330,1820,142000,Pertanian,8.3,75,16.7,200,1050,2850,3420,5150,0,0,2.3,2023
Z266,Seuneubok Teungoh (PR),4.89143,97.80519,331,3320,89000,Pertanian,12.0,127,28.5,70,1980,5280,6020,9450,0,0,0.1,2024
Z267,Seuneubok Teungoh (PR),4.89143,97.80519,332,3180,96000,Pertanian,11.6,123,27.9,75,1920,5080,5820,9150,0,0,0.2,2025
Z268,Seuneubok Teungoh (PR),4.88843,97.80919,459,1580,290000,Pemukiman,0.4,13,2.0,1380,40,220,280,520,1,0,8.7,2023
Z269,Seuneubok Teungoh (PR),4.88843,97.80919,460,3180,78000,Pertanian,2.7,34,6.8,420,420,1050,1320,2220,0,0,4.8,2024
Z270,Seuneubok Teungoh (PR),4.88843,97.80919,461,3050,88000,Pertanian,2.3,30,6.1,470,370,950,1180,2020,1,0,5.2,2025
Z271,Seuneubok Teungoh (SMK),4.92426,97.79034,204,650,370000,Pemukiman,2.3,35,5.2,720,170,580,690,1180,1,0,6.6,2023
Z272,Seuneubok Teungoh (SMK),4.92426,97.79034,205,2250,122000,Pertanian,8.2,86,19.1,140,1320,3450,4120,6550,0,0,1.2,2024
Z273,Seuneubok Teungoh (SMK),4.92426,97.79034,206,2080,132000,Pertanian,7.8,82,18.3,155,1250,3250,3890,6250,0,0,1.4,2025
Z274,Seuneubok Teungoh (SMK),4.93026,97.79034,333,820,395000,Pemukiman,2.2,32,4.9,850,140,490,590,1020,1,1,7.0,2023
Z275,Seuneubok Teungoh (SMK),4.93026,97.79034,334,750,410000,Pemukiman,1.9,28,4.4,920,120,430,530,920,1,1,7.3,2024
Z276,Seuneubok Teungoh (SMK),4.93026,97.79034,335,650,455000,Komersial,1.2,24,3.5,1280,75,220,270,580,1,1,7.7,2025
Z277,Seuneubok Teungoh (SMK),4.92726,97.79434,462,1350,305000,Pemukiman,0.3,12,2.1,1320,35,200,260,480,1,0,8.8,2023
Z278,Seuneubok Teungoh (SMK),4.92726,97.79434,463,1280,325000,Pemukiman,0.6,15,2.6,1220,50,240,300,550,1,0,8.5,2024
Z279,Seuneubok Teungoh (SMK),4.92726,97.79434,464,3250,78000,Pertanian,3.3,37,7.1,420,470,1280,1620,2680,0,0,4.7,2025
Z280,Seuneubok Tutong,4.9106,97.7271,207,1120,182000,Pemukiman,6.1,66,13.4,260,780,2180,2650,4250,0,0,2.7,2023
Z281,Seuneubok Tutong,4.9106,97.7271,208,980,195000,Pemukiman,6.4,70,14.1,240,850,2380,2880,4580,0,0,2.4,2024
Z282,Seuneubok Tutong,4.9106,97.7271,209,820,295000,Pemukiman,2.9,39,6.3,650,240,750,890,1520,1,0,5.4,2025
Z283,Seuneubok Tutong,4.9166,97.7271,336,720,440000,Pemukiman,1.3,26,3.8,1220,80,240,290,620,1,1,7.5,2023
Z284,Seuneubok Tutong,4.9166,97.7271,337,1480,255000,Pemukiman,3.0,43,6.8,680,280,760,920,1580,0,0,5.8,2024
Z285,Seuneubok Tutong,4.9166,97.7271,338,1350,275000,Pemukiman,3.3,47,7.4,620,320,850,1020,1750,0,0,5.5,2025
Z286,Seuneubok Tutong,4.9136,97.7311,465,3120,88000,Pertanian,2.9,33,6.4,470,420,1150,1450,2420,0,0,5.1,2023
Z287,Seuneubok Tutong,4.9136,97.7311,466,2180,105000,Pemukiman,10.3,109,24.1,90,1720,4750,5750,8550,0,0,0.1,2024
Z288,Seuneubok Tutong,4.9136,97.7311,467,2080,118000,Pemukiman,10.6,113,24.8,80,1780,4950,5950,8850,0,0,0.0,2025
Z289,Tanjong Kapai,4.962897,97.762578,210,720,310000,Pemukiman,2.6,35,5.8,720,210,680,810,1380,1,0,5.7,2023
Z290,Tanjong Kapai,4.962897,97.762578,211,1050,245000,Pemukiman,4.4,54,8.8,370,480,1320,1580,2580,0,0,3.9,2024
Z291,Tanjong Kapai,4.962897,97.762578,212,920,260000,Pemukiman,4.7,58,9.5,340,530,1450,1720,2780,0,0,3.6,2025
Z292,Tanjong Kapai,4.968897,97.762578,339,1050,375000,Pemukiman,0.5,18,2.8,1320,60,200,250,480,1,1,8.6,2023
Z293,Tanjong Kapai,4.968897,97.762578,340,950,395000,Pemukiman,0.8,21,3.2,1250,70,230,280,520,1,1,8.3,2024
Z294,Tanjong Kapai,4.968897,97.762578,341,1680,195000,Pertanian,5.5,69,12.6,260,750,1950,2380,3750,0,0,2.6,2025
Z295,Tanjong Kapai,4.965897,97.766578,468,1780,195000,Pemukiman,6.4,76,13.8,260,820,2250,2750,4350,0,0,1.8,2023
Z296,Tanjong Kapai,4.965897,97.766578,469,1680,210000,Pemukiman,6.7,80,14.5,240,880,2450,2950,4650,0,0,1.5,2024
Z297,Tanjong Kapai,4.965897,97.766578,470,2050,135000,Pertanian,8.3,96,18.5,130,1350,3750,4550,6850,0,0,0.6,2025
Z298,Tanoh Anou,4.940832,97.777176,110,420,460000,Pemukiman,0.8,20,2.9,1320,70,240,290,520,1,1,8.3,2023
Z299,Tanoh Anou,4.940832,97.777176,111,550,435000,Pemukiman,1.1,24,3.4,1180,95,320,380,680,1,1,7.9,2024
Z300,Tanoh Anou,4.940832,97.777176,112,680,410000,Pemukiman,1.4,28,4.1,1050,125,420,480,820,1,1,7.4,2025
Z301,Tanoh Anou,4.946832,97.777176,237,780,340000,Pemukiman,2.4,36,5.6,750,190,620,750,1280,1,0,6.5,2023
Z302,Tanoh Anou,4.946832,97.777176,238,2050,142000,Pertanian,6.9,76,16.8,180,1080,3050,3650,5750,0,0,1.8,2024
Z303,Tanoh Anou,4.946832,97.777176,239,1920,152000,Pertanian,6.5,72,15.9,200,1020,2850,3420,5450,0,0,2.1,2025
Z304,Tanoh Anou,4.943832,97.781176,366,3350,102000,Pertanian,11.5,122,27.5,80,1880,4880,5780,8850,0,0,0.2,2023
Z305,Tanoh Anou,4.943832,97.781176,367,1950,135000,Pertanian,8.6,77,17.4,190,1120,2950,3520,5350,0,0,2.2,2024
Z306,Tanoh Anou,4.943832,97.781176,368,3520,86000,Pertanian,12.3,130,29.2,65,2020,5480,6220,9750,0,0,0.0,2025
Z307,Teupin Batee,4.96457,97.74699,213,1220,170000,Pemukiman,7.0,77,16.5,190,1080,2980,3520,5380,0,0,2.0,2023
Z308,Teupin Batee,4.96457,97.74699,214,1420,158000,Pertanian,7.5,84,17.8,170,1210,3350,3950,5980,0,0,1.7,2024
Z309,Teupin Batee,4.96457,97.74699,215,1580,145000,Pertanian,8.1,88,18.9,155,1350,3650,4320,6450,0,0,1.4,2025
Z310,Teupin Batee,4.97057,97.74699,342,1550,215000,Pertanian,5.8,73,13.3,240,820,2150,2620,4050,0,0,2.3,2023
Z311,Teupin Batee,4.97057,97.74699,343,2050,152000,Pertanian,8.3,87,18.1,150,1280,3520,4250,6450,0,0,1.3,2024
Z312,Teupin Batee,4.97057,97.74699,344,1920,168000,Pertanian,8.6,91,18.8,140,1350,3750,4520,6850,0,0,1.1,2025
Z313,Teupin Batee,4.96757,97.75099,471,1950,148000,Pertanian,8.6,100,19.2,120,1420,3950,4750,7150,0,0,0.4,2023
Z314,Teupin Batee,4.96757,97.75099,472,2420,88000,Pemukiman,9.0,90,21.7,125,1480,4050,4850,7350,0,0,0.8,2024
Z315,Teupin Batee,4.96757,97.75099,473,2650,82000,Pertanian,9.6,98,23.1,110,1650,4550,5350,7950,0,0,0.6,2025
Z316,Titi Baro,4.93028,97.78364,216,720,355000,Pemukiman,2.6,36,5.7,750,190,620,750,1280,1,0,6.4,2023
Z317,Titi Baro,4.93028,97.78364,217,620,375000,Pemukiman,2.3,32,5.2,820,160,560,680,1150,1,0,6.7,2024
Z318,Titi Baro,4.93028,97.78364,218,2650,115000,Pertanian,10.3,110,24.8,100,1680,4380,5180,8050,0,0,0.6,2025
Z319,Titi Baro,4.93628,97.78364,345,2080,125000,Pertanian,4.0,49,10.1,320,580,1650,2020,3250,0,0,4.1,2023
Z320,Titi Baro,4.93628,97.78364,346,1950,142000,Pertanian,3.6,45,9.4,350,520,1480,1820,2950,0,0,4.4,2024
Z321,Titi Baro,4.93628,97.78364,347,1120,305000,Pemukiman,1.7,27,4.1,920,110,460,560,980,1,0,7.4,2025
Z322,Titi Baro,4.93328,97.78764,474,2850,75000,Pertanian,10.2,102,25.0,95,1780,4950,5880,8650,0,0,0.3,2023
Z323,Titi Baro,4.93328,97.78764,475,1520,285000,Pemukiman,1.2,21,3.3,1080,85,380,480,850,1,0,7.9,2024
Z324,Titi Baro,4.93328,97.78764,476,1450,300000,Pemukiman,0.9,17,2.8,1180,70,320,410,750,1,0,8.2,2025
Z325,Tualang Dalam,4.91232,97.78519,219,1380,162000,Pertanian,7.4,69,14.8,230,880,2550,3050,4580,0,0,2.6,2023
Z326,Tualang Dalam,4.91232,97.78519,220,2850,98000,Pertanian,11.1,118,26.4,85,1820,4780,5520,8650,0,0,0.4,2024
Z327,Tualang Dalam,4.91232,97.78519,221,2780,105000,Pertanian,10.7,114,25.9,90,1780,4680,5420,8450,0,0,0.5,2025
Z328,Tualang Dalam,4.91832,97.78519,348,1020,320000,Pemukiman,1.4,23,3.6,1020,90,400,490,850,1,0,7.7,2023
Z329,Tualang Dalam,4.91832,97.78519,349,2520,118000,Pertanian,4.8,55,11.8,260,750,2150,2620,4250,0,0,3.0,2024
Z330,Tualang Dalam,4.91832,97.78519,350,2380,132000,Pertanian,4.4,51,11.1,280,680,1980,2420,3950,0,0,3.3,2025
Z331,Tualang Dalam,4.91532,97.78919,477,4050,89000,Pertanian,12.4,131,29.7,65,2080,5380,6280,9650,0,0,0.0,2023
Z332,Tualang Dalam,4.91532,97.78919,478,2450,108000,Pertanian,9.5,83,19.5,160,1320,3350,3950,6050,0,0,1.9,2024
Z333,Tualang Dalam,4.91532,97.78919,479,4150,77000,Pertanian,13.2,139,31.5,50,2220,6080,6820,10650,0,0,0.0,2025
Z334,Ulee Blang,4.97031,97.76081,222,450,435000,Pemukiman,2.0,30,4.6,850,140,480,580,980,1,1,7.0,2023
Z335,Ulee Blang,4.97031,97.76081,223,520,415000,Pemukiman,2.3,34,5.1,780,170,540,650,1120,1,1,6.7,2024
Z336,Ulee Blang,4.97031,97.76081,224,480,485000,Komersial,0.6,18,2.6,1450,45,170,220,460,1,1,8.6,2025
Z337,Ulee Blang,4.97631,97.76081,351,850,340000,Pemukiman,1.3,23,3.6,980,80,370,450,780,1,0,7.8,2023
Z338,Ulee Blang,4.97631,97.76081,352,780,355000,Pemukiman,1.0,19,3.1,1080,60,320,390,680,1,0,8.1,2024
Z339,Ulee Blang,4.97631,97.76081,353,2650,108000,Pertanian,5.4,58,12.1,240,820,2250,2750,4450,0,0,2.9,2025
Z340,Ulee Blang,4.97331,97.76481,480,4020,84000,Pertanian,12.8,135,30.7,55,2150,5880,6620,10350,0,0,0.0,2023
Z341,Ulee Blang,4.97331,97.76481,481,1350,355000,Pemukiman,1.7,27,4.1,1050,100,410,510,880,1,1,7.3,2024
Z342,Ulee Blang,4.97331,97.76481,482,1280,370000,Pemukiman,1.4,23,3.6,1150,85,350,440,780,1,1,7.6,2025
Z343,Ulee Gle,4.89497,97.7936,225,420,500000,Komersial,0.7,20,2.9,1380,50,190,240,520,1,1,8.4,2023
Z344,Ulee Gle,4.89497,97.7936,226,1120,285000,Pemukiman,2.1,35,5.4,850,180,600,720,1250,1,0,6.8,2024
Z345,Ulee Gle,4.89497,97.7936,227,980,305000,Pemukiman,1.8,31,4.8,950,150,540,620,1080,1,0,7.2,2025
Z346,Ulee Gle,4.90097,97.7936,354,2520,118000,Pertanian,5.0,54,11.4,260,750,2050,2520,4150,0,0,3.2,2023
Z347,Ulee Gle,4.90097,97.7936,355,1720,142000,Pemukiman,8.5,90,19.0,140,1320,3620,4380,6650,0,0,1.0,2024
Z348,Ulee Gle,4.90097,97.7936,356,1650,155000,Pemukiman,8.8,94,19.7,130,1380,3850,4650,7050,0,0,0.8,2025
Z349,Ulee Gle,4.89797,97.7976,483,1180,385000,Komersial,2.0,32,4.9,1080,120,360,430,920,1,1,6.5,2023
Z350,Ulee Gle,4.89797,97.7976,484,1120,400000,Komersial,2.1,34,5.2,1020,130,390,470,980,1,1,6.3,2024
Z351,Ulee Gle,4.89797,97.7976,485,2150,185000,Pemukiman,5.2,67,11.7,390,620,1420,1780,2950,0,0,3.6,2025
